Kdex,Ndex,MS,Pokémon,Type1,Type2
#001,#001,Bulbasaur,Bulbasaur,Grass,Poison
#002,#002,Ivysaur,Ivysaur,Grass,Poison
#003,#003,Venusaur,Venusaur,Grass,Poison
#004,#004,Charmander,Charmander,Fire
#005,#005,Charmeleon,Charmeleon,Fire
#006,#006,Charizard,Charizard,Fire,Flying
#007,#007,Squirtle,Squirtle,Water
#008,#008,Wartortle,Wartortle,Water
#009,#009,Blastoise,Blastoise,Water
#010,#010,Caterpie,Caterpie,Bug
#011,#011,Metapod,Metapod,Bug
#012,#012,Butterfree,Butterfree,Bug,Flying
#013,#013,Weedle,Weedle,Bug,Poison
#014,#014,Kakuna,Kakuna,Bug,Poison
#015,#015,Beedrill,Beedrill,Bug,Poison
#016,#016,Pidgey,Pidgey,Normal,Flying
#017,#017,Pidgeotto,Pidgeotto,Normal,Flying
#018,#018,Pidgeot,Pidgeot,Normal,Flying
#019,#019,Rattata,Rattata,Normal
#020,#020,Raticate,Raticate,Normal
#021,#021,Spearow,Spearow,Normal,Flying
#022,#022,Fearow,Fearow,Normal,Flying
#023,#023,Ekans,Ekans,Poison
#024,#024,Arbok,Arbok,Poison
#025,#025,Pikachu,Pikachu,Electric
#026,#026,Raichu,Raichu,Electric
#027,#027,Sandshrew,Sandshrew,Ground
#028,#028,Sandslash,Sandslash,Ground
#029,#029,Nidoran♀,Nidoran♀,Poison
#030,#030,Nidorina,Nidorina,Poison
#031,#031,Nidoqueen,Nidoqueen,Poison,Ground
#032,#032,Nidoran♂,Nidoran♂,Poison
#033,#033,Nidorino,Nidorino,Poison
#034,#034,Nidoking,Nidoking,Poison,Ground
#035,#035,Clefairy,Clefairy,Fairy
#036,#036,Clefable,Clefable,Fairy
#037,#037,Vulpix,Vulpix,Fire
#038,#038,Ninetales,Ninetales,Fire
#039,#039,Jigglypuff,Jigglypuff,Normal,Fairy
#040,#040,Wigglytuff,Wigglytuff,Normal,Fairy
#041,#041,Zubat,Zubat,Poison,Flying
#042,#042,Golbat,Golbat,Poison,Flying
#043,#043,Oddish,Oddish,Grass,Poison
#044,#044,Gloom,Gloom,Grass,Poison
#045,#045,Vileplume,Vileplume,Grass,Poison
#046,#046,Paras,Paras,Bug,Grass
#047,#047,Parasect,Parasect,Bug,Grass
#048,#048,Venonat,Venonat,Bug,Poison
#049,#049,Venomoth,Venomoth,Bug,Poison
#050,#050,Diglett,Diglett,Ground
#051,#051,Dugtrio,Dugtrio,Ground
#052,#052,Meowth,Meowth,Normal
#053,#053,Persian,Persian,Normal
#054,#054,Psyduck,Psyduck,Water
#055,#055,Golduck,Golduck,Water
#056,#056,Mankey,Mankey,Fighting
#057,#057,Primeape,Primeape,Fighting
#058,#058,Growlithe,Growlithe,Fire
#059,#059,Arcanine,Arcanine,Fire
#060,#060,Poliwag,Poliwag,Water
#061,#061,Poliwhirl,Poliwhirl,Water
#062,#062,Poliwrath,Poliwrath,Water,Fighting
#063,#063,Abra,Abra,Psychic
#064,#064,Kadabra,Kadabra,Psychic
#065,#065,Alakazam,Alakazam,Psychic
#066,#066,Machop,Machop,Fighting
#067,#067,Machoke,Machoke,Fighting
#068,#068,Machamp,Machamp,Fighting
#069,#069,Bellsprout,Bellsprout,Grass,Poison
#070,#070,Weepinbell,Weepinbell,Grass,Poison
#071,#071,Victreebel,Victreebel,Grass,Poison
#072,#072,Tentacool,Tentacool,Water,Poison
#073,#073,Tentacruel,Tentacruel,Water,Poison
#074,#074,Geodude,Geodude,Rock,Ground
#075,#075,Graveler,Graveler,Rock,Ground
#076,#076,Golem,Golem,Rock,Ground
#077,#077,Ponyta,Ponyta,Fire
#078,#078,Rapidash,Rapidash,Fire
#079,#079,Slowpoke,Slowpoke,Water,Psychic
#080,#080,Slowbro,Slowbro,Water,Psychic
#081,#081,Magnemite,Magnemite,Electric,Steel
#082,#082,Magneton,Magneton,Electric,Steel
#083,#083,Farfetch'd,Farfetch'd,Normal,Flying
#084,#084,Doduo,Doduo,Normal,Flying
#085,#085,Dodrio,Dodrio,Normal,Flying
#086,#086,Seel,Seel,Water
#087,#087,Dewgong,Dewgong,Water,Ice
#088,#088,Grimer,Grimer,Poison
#089,#089,Muk,Muk,Poison
#090,#090,Shellder,Shellder,Water
#091,#091,Cloyster,Cloyster,Water,Ice
#092,#092,Gastly,Gastly,Ghost,Poison
#093,#093,Haunter,Haunter,Ghost,Poison
#094,#094,Gengar,Gengar,Ghost,Poison
#095,#095,Onix,Onix,Rock,Ground
#096,#096,Drowzee,Drowzee,Psychic
#097,#097,Hypno,Hypno,Psychic
#098,#098,Krabby,Krabby,Water
#099,#099,Kingler,Kingler,Water
#100,#100,Voltorb,Voltorb,Electric
#101,#101,Electrode,Electrode,Electric
#102,#102,Exeggcute,Exeggcute,Grass,Psychic
#103,#103,Exeggutor,Exeggutor,Grass,Psychic
#104,#104,Cubone,Cubone,Ground
#105,#105,Marowak,Marowak,Ground
#106,#106,Hitmonlee,Hitmonlee,Fighting
#107,#107,Hitmonchan,Hitmonchan,Fighting
#108,#108,Lickitung,Lickitung,Normal
#109,#109,Koffing,Koffing,Poison
#110,#110,Weezing,Weezing,Poison
#111,#111,Rhyhorn,Rhyhorn,Ground,Rock
#112,#112,Rhydon,Rhydon,Ground,Rock
#113,#113,Chansey,Chansey,Normal
#114,#114,Tangela,Tangela,Grass
#115,#115,Kangaskhan,Kangaskhan,Normal
#116,#116,Horsea,Horsea,Water
#117,#117,Seadra,Seadra,Water
#118,#118,Goldeen,Goldeen,Water
#119,#119,Seaking,Seaking,Water
#120,#120,Staryu,Staryu,Water
#121,#121,Starmie,Starmie,Water,Psychic
#122,#122,Mr. Mime,Mr. Mime,Psychic,Fairy
#123,#123,Scyther,Scyther,Bug,Flying
#124,#124,Jynx,Jynx,Ice,Psychic
#125,#125,Electabuzz,Electabuzz,Electric
#126,#126,Magmar,Magmar,Fire
#127,#127,Pinsir,Pinsir,Bug
#128,#128,Tauros,Tauros,Normal
#129,#129,Magikarp,Magikarp,Water
#130,#130,Gyarados,Gyarados,Water,Flying
#131,#131,Lapras,Lapras,Water,Ice
#132,#132,Ditto,Ditto,Normal
#133,#133,Eevee,Eevee,Normal
#134,#134,Vaporeon,Vaporeon,Water
#135,#135,Jolteon,Jolteon,Electric
#136,#136,Flareon,Flareon,Fire
#137,#137,Porygon,Porygon,Normal
#138,#138,Omanyte,Omanyte,Rock,Water
#139,#139,Omastar,Omastar,Rock,Water
#140,#140,Kabuto,Kabuto,Rock,Water
#141,#141,Kabutops,Kabutops,Rock,Water
#142,#142,Aerodactyl,Aerodactyl,Rock,Flying
#143,#143,Snorlax,Snorlax,Normal
#144,#144,Articuno,Articuno,Ice,Flying
#145,#145,Zapdos,Zapdos,Electric,Flying
#146,#146,Moltres,Moltres,Fire,Flying
#147,#147,Dratini,Dratini,Dragon
#148,#148,Dragonair,Dragonair,Dragon
#149,#149,Dragonite,Dragonite,Dragon,Flying
#150,#150,Mewtwo,Mewtwo,Psychic
#151,#151,Mew,Mew,Psychic
#152,#152,Chikorita,Chikorita,Grass,
#153,#153,Bayleef,Bayleef,Grass,
#154,#154,Meganium,Meganium,Grass,
#155,#155,Cyndaquil,Cyndaquil,Fire,
#156,#156,Quilava,Quilava,Fire,
#157,#157,Typhlosion,Typhlosion,Fire,
#158,#158,Totodile,Totodile,Water,
#159,#159,Croconaw,Croconaw,Water,
#160,#160,Feraligatr,Feraligatr,Water,
#161,#161,Sentret,Sentret,Normal,
#162,#162,Furret,Furret,Normal,
#163,#163,Hoothoot,Hoothoot,Normal,Flying
#164,#164,Noctowl,Noctowl,Normal,Flying
#165,#165,Ledyba,Ledyba,Bug,Flying
#166,#166,Ledian,Ledian,Bug,Flying
#167,#167,Spinarak,Spinarak,Bug,Poison
#168,#168,Ariados,Ariados,Bug,Poison
#169,#169,Crobat,Crobat,Poison,Flying
#170,#170,Chinchou,Chinchou,Water,Electric
#171,#171,Lanturn,Lanturn,Water,Electric
#172,#172,Pichu,Pichu,Electric,
#173,#173,Cleffa,Cleffa,Fairy,
#174,#174,Igglybuff,Igglybuff,Normal,Fairy
#175,#175,Togepi,Togepi,Fairy,
#176,#176,Togetic,Togetic,Fairy,Flying
#177,#177,Natu,Natu,Psychic,Flying
#178,#178,Xatu,Xatu,Psychic,Flying
#179,#179,Mareep,Mareep,Electric,
#180,#180,Flaaffy,Flaaffy,Electric,
#181,#181,Ampharos,Ampharos,Electric,
#182,#182,Bellossom,Bellossom,Grass,
#183,#183,Marill,Marill,Water,Fairy
#184,#184,Azumarill,Azumarill,Water,Fairy
#185,#185,Sudowoodo,Sudowoodo,Rock,
#186,#186,Politoed,Politoed,Water,
#187,#187,Hoppip,Hoppip,Grass,Flying
#188,#188,Skiploom,Skiploom,Grass,Flying
#189,#189,Jumpluff,Jumpluff,Grass,Flying
#190,#190,Aipom,Aipom,Normal,
#191,#191,Sunkern,Sunkern,Grass,
#192,#192,Sunflora,Sunflora,Grass,
#193,#193,Yanma,Yanma,Bug,Flying
#194,#194,Wooper,Wooper,Water,Ground
#195,#195,Quagsire,Quagsire,Water,Ground
#196,#196,Espeon,Espeon,Psychic,
#197,#197,Umbreon,Umbreon,Dark,
#198,#198,Murkrow,Murkrow,Dark,Flying
#199,#199,Slowking,Slowking,Water,Psychic
#200,#200,Misdreavus,Misdreavus,Ghost,
#201,#201,Unown,Unown,Psychic,
#202,#202,Wobbuffet,Wobbuffet,Psychic,
#203,#203,Girafarig,Girafarig,Normal,Psychic
#204,#204,Pineco,Pineco,Bug,
#205,#205,Forretress,Forretress,Bug,Steel
#206,#206,Dunsparce,Dunsparce,Normal,
#207,#207,Gligar,Gligar,Ground,Flying
#208,#208,Steelix,Steelix,Steel,Ground
#209,#209,Snubbull,Snubbull,Fairy,
#210,#210,Granbull,Granbull,Fairy,
#211,#211,Qwilfish,Qwilfish,Water,Poison
#212,#212,Scizor,Scizor,Bug,Steel
#213,#213,Shuckle,Shuckle,Bug,Rock
#214,#214,Heracross,Heracross,Bug,Fighting
#215,#215,Sneasel,Sneasel,Dark,Ice
#216,#216,Teddiursa,Teddiursa,Normal,
#217,#217,Ursaring,Ursaring,Normal,
#218,#218,Slugma,Slugma,Fire,
#219,#219,Magcargo,Magcargo,Fire,Rock
#220,#220,Swinub,Swinub,Ice,Ground
#221,#221,Piloswine,Piloswine,Ice,Ground
#222,#222,Corsola,Corsola,Water,Rock
#223,#223,Remoraid,Remoraid,Water,
#224,#224,Octillery,Octillery,Water,
#225,#225,Delibird,Delibird,Ice,Flying
#226,#226,Mantine,Mantine,Water,Flying
#227,#227,Skarmory,Skarmory,Steel,Flying
#228,#228,Houndour,Houndour,Dark,Fire
#229,#229,Houndoom,Houndoom,Dark,Fire
#230,#230,Kingdra,Kingdra,Water,Dragon
#231,#231,Phanpy,Phanpy,Ground,
#232,#232,Donphan,Donphan,Ground,
#233,#233,Porygon2,Porygon2,Normal,
#234,#234,Stantler,Stantler,Normal,
#235,#235,Smeargle,Smeargle,Normal,
#236,#236,Tyrogue,Tyrogue,Fighting,
#237,#237,Hitmontop,Hitmontop,Fighting,
#238,#238,Smoochum,Smoochum,Ice,Psychic
#239,#239,Elekid,Elekid,Electric,
#240,#240,Magby,Magby,Fire,
#241,#241,Miltank,Miltank,Normal,
#242,#242,Blissey,Blissey,Normal,
#243,#243,Raikou,Raikou,Electric,
#244,#244,Entei,Entei,Fire,
#245,#245,Suicune,Suicune,Water,
#246,#246,Larvitar,Larvitar,Rock,Ground
#247,#247,Pupitar,Pupitar,Rock,Ground
#248,#248,Tyranitar,Tyranitar,Rock,Dark
#249,#249,Lugia,Lugia,Psychic,Flying
#250,#250,Ho-Oh,Ho-Oh,Fire,Flying
#251,#251,Celebi,Celebi,Psychic,Grass
#252,#252,Treecko,Treecko,Grass,
#253,#253,Grovyle,Grovyle,Grass,
#254,#254,Sceptile,Sceptile,Grass,
#255,#255,Torchic,Torchic,Fire,
#256,#256,Combusken,Combusken,Fire,Fighting
#257,#257,Blaziken,Blaziken,Fire,Fighting
#258,#258,Mudkip,Mudkip,Water,
#259,#259,Marshtomp,Marshtomp,Water,Ground
#260,#260,Swampert,Swampert,Water,Ground
#261,#261,Poochyena,Poochyena,Dark,
#262,#262,Mightyena,Mightyena,Dark,
#263,#263,Zigzagoon,Zigzagoon,Normal,
#264,#264,Linoone,Linoone,Normal,
#265,#265,Wurmple,Wurmple,Bug,
#266,#266,Silcoon,Silcoon,Bug,
#267,#267,Beautifly,Beautifly,Bug,Flying
#268,#268,Cascoon,Cascoon,Bug,
#269,#269,Dustox,Dustox,Bug,Poison
#270,#270,Lotad,Lotad,Water,Grass
#271,#271,Lombre,Lombre,Water,Grass
#272,#272,Ludicolo,Ludicolo,Water,Grass
#273,#273,Seedot,Seedot,Grass,
#274,#274,Nuzleaf,Nuzleaf,Grass,Dark
#275,#275,Shiftry,Shiftry,Grass,Dark
#276,#276,Taillow,Taillow,Normal,Flying
#277,#277,Swellow,Swellow,Normal,Flying
#278,#278,Wingull,Wingull,Water,Flying
#279,#279,Pelipper,Pelipper,Water,Flying
#280,#280,Ralts,Ralts,Psychic,Fairy
#281,#281,Kirlia,Kirlia,Psychic,Fairy
#282,#282,Gardevoir,Gardevoir,Psychic,Fairy
#283,#283,Surskit,Surskit,Bug,Water
#284,#284,Masquerain,Masquerain,Bug,Flying
#285,#285,Shroomish,Shroomish,Grass,
#286,#286,Breloom,Breloom,Grass,Fighting
#287,#287,Slakoth,Slakoth,Normal,
#288,#288,Vigoroth,Vigoroth,Normal,
#289,#289,Slaking,Slaking,Normal,
#290,#290,Nincada,Nincada,Bug,Ground
#291,#291,Ninjask,Ninjask,Bug,Flying
#292,#292,Shedinja,Shedinja,Bug,Ghost
#293,#293,Whismur,Whismur,Normal,
#294,#294,Loudred,Loudred,Normal,
#295,#295,Exploud,Exploud,Normal,
#296,#296,Makuhita,Makuhita,Fighting,
#297,#297,Hariyama,Hariyama,Fighting,
#298,#298,Azurill,Azurill,Normal,Fairy
#299,#299,Nosepass,Nosepass,Rock,
#300,#300,Skitty,Skitty,Normal,
#301,#301,Delcatty,Delcatty,Normal,
#302,#302,Sableye,Sableye,Dark,Ghost
#303,#303,Mawile,Mawile,Steel,Fairy
#304,#304,Aron,Aron,Steel,Rock
#305,#305,Lairon,Lairon,Steel,Rock
#306,#306,Aggron,Aggron,Steel,Rock
#307,#307,Meditite,Meditite,Fighting,Psychic
#308,#308,Medicham,Medicham,Fighting,Psychic
#309,#309,Electrike,Electrike,Electric,
#310,#310,Manectric,Manectric,Electric,
#311,#311,Plusle,Plusle,Electric,
#312,#312,Minun,Minun,Electric,
#313,#313,Volbeat,Volbeat,Bug,
#314,#314,Illumise,Illumise,Bug,
#315,#315,Roselia,Roselia,Grass,Poison
#316,#316,Gulpin,Gulpin,Poison,
#317,#317,Swalot,Swalot,Poison,
#318,#318,Carvanha,Carvanha,Water,Dark
#319,#319,Sharpedo,Sharpedo,Water,Dark
#320,#320,Wailmer,Wailmer,Water,
#321,#321,Wailord,Wailord,Water,
#322,#322,Numel,Numel,Fire,Ground
#323,#323,Camerupt,Camerupt,Fire,Ground
#324,#324,Torkoal,Torkoal,Fire,
#325,#325,Spoink,Spoink,Psychic,
#326,#326,Grumpig,Grumpig,Psychic,
#327,#327,Spinda,Spinda,Normal,
#328,#328,Trapinch,Trapinch,Ground,
#329,#329,Vibrava,Vibrava,Ground,Dragon
#330,#330,Flygon,Flygon,Ground,Dragon
#331,#331,Cacnea,Cacnea,Grass,
#332,#332,Cacturne,Cacturne,Grass,Dark
#333,#333,Swablu,Swablu,Normal,Flying
#334,#334,Altaria,Altaria,Dragon,Flying
#335,#335,Zangoose,Zangoose,Normal,
#336,#336,Seviper,Seviper,Poison,
#337,#337,Lunatone,Lunatone,Rock,Psychic
#338,#338,Solrock,Solrock,Rock,Psychic
#339,#339,Barboach,Barboach,Water,Ground
#340,#340,Whiscash,Whiscash,Water,Ground
#341,#341,Corphish,Corphish,Water,
#342,#342,Crawdaunt,Crawdaunt,Water,Dark
#343,#343,Baltoy,Baltoy,Ground,Psychic
#344,#344,Claydol,Claydol,Ground,Psychic
#345,#345,Lileep,Lileep,Rock,Grass
#346,#346,Cradily,Cradily,Rock,Grass
#347,#347,Anorith,Anorith,Rock,Bug
#348,#348,Armaldo,Armaldo,Rock,Bug
#349,#349,Feebas,Feebas,Water,
#350,#350,Milotic,Milotic,Water,
#351,#351,Castform,Castform,Normal,
#352,#352,Kecleon,Kecleon,Normal,
#353,#353,Shuppet,Shuppet,Ghost,
#354,#354,Banette,Banette,Ghost,
#355,#355,Duskull,Duskull,Ghost,
#356,#356,Dusclops,Dusclops,Ghost,
#357,#357,Tropius,Tropius,Grass,Flying
#358,#358,Chimecho,Chimecho,Psychic,
#359,#359,Absol,Absol,Dark,
#360,#360,Wynaut,Wynaut,Psychic,
#361,#361,Snorunt,Snorunt,Ice,
#362,#362,Glalie,Glalie,Ice,
#363,#363,Spheal,Spheal,Ice,Water
#364,#364,Sealeo,Sealeo,Ice,Water
#365,#365,Walrein,Walrein,Ice,Water
#366,#366,Clamperl,Clamperl,Water,
#367,#367,Huntail,Huntail,Water,
#368,#368,Gorebyss,Gorebyss,Water,
#369,#369,Relicanth,Relicanth,Water,Rock
#370,#370,Luvdisc,Luvdisc,Water,
#371,#371,Bagon,Bagon,Dragon,
#372,#372,Shelgon,Shelgon,Dragon,
#373,#373,Salamence,Salamence,Dragon,Flying
#374,#374,Beldum,Beldum,Steel,Psychic
#375,#375,Metang,Metang,Steel,Psychic
#376,#376,Metagross,Metagross,Steel,Psychic
#377,#377,Regirock,Regirock,Rock,
#378,#378,Regice,Regice,Ice,
#379,#379,Registeel,Registeel,Steel,
#380,#380,Latias,Latias,Dragon,Psychic
#381,#381,Latios,Latios,Dragon,Psychic
#382,#382,Kyogre,Kyogre,Water,
#383,#383,Groudon,Groudon,Ground,
#384,#384,Rayquaza,Rayquaza,Dragon,Flying
#385,#385,Jirachi,Jirachi,Steel,Psychic
#386,#386,Deoxys,Deoxys,Psychic,
#387,#387,Turtwig,Turtwig,Grass,
#388,#388,Grotle,Grotle,Grass,
#389,#389,Torterra,Torterra,Grass,Ground
#390,#390,Chimchar,Chimchar,Fire,
#391,#391,Monferno,Monferno,Fire,Fighting
#392,#392,Infernape,Infernape,Fire,Fighting
#393,#393,Piplup,Piplup,Water,
#394,#394,Prinplup,Prinplup,Water,
#395,#395,Empoleon,Empoleon,Water,Steel
#396,#396,Starly,Starly,Normal,Flying
#397,#397,Staravia,Staravia,Normal,Flying
#398,#398,Staraptor,Staraptor,Normal,Flying
#399,#399,Bidoof,Bidoof,Normal,
#400,#400,Bibarel,Bibarel,Normal,Water
#401,#401,Kricketot,Kricketot,Bug,
#402,#402,Kricketune,Kricketune,Bug,
#403,#403,Shinx,Shinx,Electric,
#404,#404,Luxio,Luxio,Electric,
#405,#405,Luxray,Luxray,Electric,
#406,#406,Budew,Budew,Grass,Poison
#407,#407,Roserade,Roserade,Grass,Poison
#408,#408,Cranidos,Cranidos,Rock,
#409,#409,Rampardos,Rampardos,Rock,
#410,#410,Shieldon,Shieldon,Rock,Steel
#411,#411,Bastiodon,Bastiodon,Rock,Steel
#412,#412,Burmy,Burmy,Bug,
#413,#413,Wormadam,Wormadam,Bug,Grass
#414,#414,Mothim,Mothim,Bug,Flying
#415,#415,Combee,Combee,Bug,Flying
#416,#416,Vespiquen,Vespiquen,Bug,Flying
#417,#417,Pachirisu,Pachirisu,Electric,
#418,#418,Buizel,Buizel,Water,
#419,#419,Floatzel,Floatzel,Water,
#420,#420,Cherubi,Cherubi,Grass,
#421,#421,Cherrim,Cherrim,Grass,
#422,#422,Shellos,Shellos,Water,
#423,#423,Gastrodon,Gastrodon,Water,Ground
#424,#424,Ambipom,Ambipom,Normal,
#425,#425,Drifloon,Drifloon,Ghost,Flying
#426,#426,Drifblim,Drifblim,Ghost,Flying
#427,#427,Buneary,Buneary,Normal,
#428,#428,Lopunny,Lopunny,Normal,
#429,#429,Mismagius,Mismagius,Ghost,
#430,#430,Honchkrow,Honchkrow,Dark,Flying
#431,#431,Glameow,Glameow,Normal,
#432,#432,Purugly,Purugly,Normal,
#433,#433,Chingling,Chingling,Psychic,
#434,#434,Stunky,Stunky,Poison,Dark
#435,#435,Skuntank,Skuntank,Poison,Dark
#436,#436,Bronzor,Bronzor,Steel,Psychic
#437,#437,Bronzong,Bronzong,Steel,Psychic
#438,#438,Bonsly,Bonsly,Rock,
#439,#439,Mime Jr.,Mime Jr.,Psychic,Fairy
#440,#440,Happiny,Happiny,Normal,
#441,#441,Chatot,Chatot,Normal,Flying
#442,#442,Spiritomb,Spiritomb,Ghost,Dark
#443,#443,Gible,Gible,Dragon,Ground
#444,#444,Gabite,Gabite,Dragon,Ground
#445,#445,Garchomp,Garchomp,Dragon,Ground
#446,#446,Munchlax,Munchlax,Normal,
#447,#447,Riolu,Riolu,Fighting,
#448,#448,Lucario,Lucario,Fighting,Steel
#449,#449,Hippopotas,Hippopotas,Ground,
#450,#450,Hippowdon,Hippowdon,Ground,
#451,#451,Skorupi,Skorupi,Poison,Bug
#452,#452,Drapion,Drapion,Poison,Dark
#453,#453,Croagunk,Croagunk,Poison,Fighting
#454,#454,Toxicroak,Toxicroak,Poison,Fighting
#455,#455,Carnivine,Carnivine,Grass,
#456,#456,Finneon,Finneon,Water,
#457,#457,Lumineon,Lumineon,Water,
#458,#458,Mantyke,Mantyke,Water,Flying
#459,#459,Snover,Snover,Grass,Ice
#460,#460,Abomasnow,Abomasnow,Grass,Ice
#461,#461,Weavile,Weavile,Dark,Ice
#462,#462,Magnezone,Magnezone,Electric,Steel
#463,#463,Lickilicky,Lickilicky,Normal,
#464,#464,Rhyperior,Rhyperior,Ground,Rock
#465,#465,Tangrowth,Tangrowth,Grass,
#466,#466,Electivire,Electivire,Electric,
#467,#467,Magmortar,Magmortar,Fire,
#468,#468,Togekiss,Togekiss,Fairy,Flying
#469,#469,Yanmega,Yanmega,Bug,Flying
#470,#470,Leafeon,Leafeon,Grass,
#471,#471,Glaceon,Glaceon,Ice,
#472,#472,Gliscor,Gliscor,Ground,Flying
#473,#473,Mamoswine,Mamoswine,Ice,Ground
#474,#474,Porygon-Z,Porygon-Z,Normal,
#475,#475,Gallade,Gallade,Psychic,Fighting
#476,#476,Probopass,Probopass,Rock,Steel
#477,#477,Dusknoir,Dusknoir,Ghost,
#478,#478,Froslass,Froslass,Ice,Ghost
#479,#479,Rotom,Rotom,Electric,Ghost
#480,#480,Uxie,Uxie,Psychic,
#481,#481,Mesprit,Mesprit,Psychic,
#482,#482,Azelf,Azelf,Psychic,
#483,#483,Dialga,Dialga,Steel,Dragon
#484,#484,Palkia,Palkia,Water,Dragon
#485,#485,Heatran,Heatran,Fire,Steel
#486,#486,Regigigas,Regigigas,Normal,
#487,#487,Giratina,Giratina,Ghost,Dragon
#488,#488,Cresselia,Cresselia,Psychic,
#489,#489,Phione,Phione,Water,
#490,#490,Manaphy,Manaphy,Water,
#491,#491,Darkrai,Darkrai,Dark,
#492,#492,Shaymin,Shaymin,Grass,
#493,#493,Arceus,Arceus,Normal,
#494,#494,Victini,Victini,Psychic,Fire
#495,#495,Snivy,Snivy,Grass,
#496,#496,Servine,Servine,Grass,
#497,#497,Serperior,Serperior,Grass,
#498,#498,Tepig,Tepig,Fire,
#499,#499,Pignite,Pignite,Fire,Fighting
#500,#500,Emboar,Emboar,Fire,Fighting
#501,#501,Oshawott,Oshawott,Water,
#502,#502,Dewott,Dewott,Water,
#503,#503,Samurott,Samurott,Water,
#504,#504,Patrat,Patrat,Normal,
#505,#505,Watchog,Watchog,Normal,
#506,#506,Lillipup,Lillipup,Normal,
#507,#507,Herdier,Herdier,Normal,
#508,#508,Stoutland,Stoutland,Normal,
#509,#509,Purrloin,Purrloin,Dark,
#510,#510,Liepard,Liepard,Dark,
#511,#511,Pansage,Pansage,Grass,
#512,#512,Simisage,Simisage,Grass,
#513,#513,Pansear,Pansear,Fire,
#514,#514,Simisear,Simisear,Fire,
#515,#515,Panpour,Panpour,Water,
#516,#516,Simipour,Simipour,Water,
#517,#517,Munna,Munna,Psychic,
#518,#518,Musharna,Musharna,Psychic,
#519,#519,Pidove,Pidove,Normal,Flying
#520,#520,Tranquill,Tranquill,Normal,Flying
#521,#521,Unfezant,Unfezant,Normal,Flying
#522,#522,Blitzle,Blitzle,Electric,
#523,#523,Zebstrika,Zebstrika,Electric,
#524,#524,Roggenrola,Roggenrola,Rock,
#525,#525,Boldore,Boldore,Rock,
#526,#526,Gigalith,Gigalith,Rock,
#527,#527,Woobat,Woobat,Psychic,Flying
#528,#528,Swoobat,Swoobat,Psychic,Flying
#529,#529,Drilbur,Drilbur,Ground,
#530,#530,Excadrill,Excadrill,Ground,Steel
#531,#531,Audino,Audino,Normal,
#532,#532,Timburr,Timburr,Fighting,
#533,#533,Gurdurr,Gurdurr,Fighting,
#534,#534,Conkeldurr,Conkeldurr,Fighting,
#535,#535,Tympole,Tympole,Water,
#536,#536,Palpitoad,Palpitoad,Water,Ground
#537,#537,Seismitoad,Seismitoad,Water,Ground
#538,#538,Throh,Throh,Fighting,
#539,#539,Sawk,Sawk,Fighting,
#540,#540,Sewaddle,Sewaddle,Bug,Grass
#541,#541,Swadloon,Swadloon,Bug,Grass
#542,#542,Leavanny,Leavanny,Bug,Grass
#543,#543,Venipede,Venipede,Bug,Poison
#544,#544,Whirlipede,Whirlipede,Bug,Poison
#545,#545,Scolipede,Scolipede,Bug,Poison
#546,#546,Cottonee,Cottonee,Grass,Fairy
#547,#547,Whimsicott,Whimsicott,Grass,Fairy
#548,#548,Petilil,Petilil,Grass,
#549,#549,Lilligant,Lilligant,Grass,
#550,#550,Basculin,Basculin,Water,
#551,#551,Sandile,Sandile,Ground,Dark
#552,#552,Krokorok,Krokorok,Ground,Dark
#553,#553,Krookodile,Krookodile,Ground,Dark
#554,#554,Darumaka,Darumaka,Fire,
#555,#555,Darmanitan,Darmanitan,Fire,
#556,#556,Maractus,Maractus,Grass,
#557,#557,Dwebble,Dwebble,Bug,Rock
#558,#558,Crustle,Crustle,Bug,Rock
#559,#559,Scraggy,Scraggy,Dark,Fighting
#560,#560,Scrafty,Scrafty,Dark,Fighting
#561,#561,Sigilyph,Sigilyph,Psychic,Flying
#562,#562,Yamask,Yamask,Ghost,
#563,#563,Cofagrigus,Cofagrigus,Ghost,
#564,#564,Tirtouga,Tirtouga,Water,Rock
#565,#565,Carracosta,Carracosta,Water,Rock
#566,#566,Archen,Archen,Rock,Flying
#567,#567,Archeops,Archeops,Rock,Flying
#568,#568,Trubbish,Trubbish,Poison,
#569,#569,Garbodor,Garbodor,Poison,
#570,#570,Zorua,Zorua,Dark,
#571,#571,Zoroark,Zoroark,Dark,
#572,#572,Minccino,Minccino,Normal,
#573,#573,Cinccino,Cinccino,Normal,
#574,#574,Gothita,Gothita,Psychic,
#575,#575,Gothorita,Gothorita,Psychic,
#576,#576,Gothitelle,Gothitelle,Psychic,
#577,#577,Solosis,Solosis,Psychic,
#578,#578,Duosion,Duosion,Psychic,
#579,#579,Reuniclus,Reuniclus,Psychic,
#580,#580,Ducklett,Ducklett,Water,Flying
#581,#581,Swanna,Swanna,Water,Flying
#582,#582,Vanillite,Vanillite,Ice,
#583,#583,Vanillish,Vanillish,Ice,
#584,#584,Vanilluxe,Vanilluxe,Ice,
#585,#585,Deerling,Deerling,Normal,Grass
#586,#586,Sawsbuck,Sawsbuck,Normal,Grass
#587,#587,Emolga,Emolga,Electric,Flying
#588,#588,Karrablast,Karrablast,Bug,
#589,#589,Escavalier,Escavalier,Bug,Steel
#590,#590,Foongus,Foongus,Grass,Poison
#591,#591,Amoonguss,Amoonguss,Grass,Poison
#592,#592,Frillish,Frillish,Water,Ghost
#593,#593,Jellicent,Jellicent,Water,Ghost
#594,#594,Alomomola,Alomomola,Water,
#595,#595,Joltik,Joltik,Bug,Electric
#596,#596,Galvantula,Galvantula,Bug,Electric
#597,#597,Ferroseed,Ferroseed,Grass,Steel
#598,#598,Ferrothorn,Ferrothorn,Grass,Steel
#599,#599,Klink,Klink,Steel,
#600,#600,Klang,Klang,Steel,
#601,#601,Klinklang,Klinklang,Steel,
#602,#602,Tynamo,Tynamo,Electric,
#603,#603,Eelektrik,Eelektrik,Electric,
#604,#604,Eelektross,Eelektross,Electric,
#605,#605,Elgyem,Elgyem,Psychic,
#606,#606,Beheeyem,Beheeyem,Psychic,
#607,#607,Litwick,Litwick,Ghost,Fire
#608,#608,Lampent,Lampent,Ghost,Fire
#609,#609,Chandelure,Chandelure,Ghost,Fire
#610,#610,Axew,Axew,Dragon,
#611,#611,Fraxure,Fraxure,Dragon,
#612,#612,Haxorus,Haxorus,Dragon,
#613,#613,Cubchoo,Cubchoo,Ice,
#614,#614,Beartic,Beartic,Ice,
#615,#615,Cryogonal,Cryogonal,Ice,
#616,#616,Shelmet,Shelmet,Bug,
#617,#617,Accelgor,Accelgor,Bug,
#618,#618,Stunfisk,Stunfisk,Ground,Electric
#619,#619,Mienfoo,Mienfoo,Fighting,
#620,#620,Mienshao,Mienshao,Fighting,
#621,#621,Druddigon,Druddigon,Dragon,
#622,#622,Golett,Golett,Ground,Ghost
#623,#623,Golurk,Golurk,Ground,Ghost
#624,#624,Pawniard,Pawniard,Dark,Steel
#625,#625,Bisharp,Bisharp,Dark,Steel
#626,#626,Bouffalant,Bouffalant,Normal,
#627,#627,Rufflet,Rufflet,Normal,Flying
#628,#628,Braviary,Braviary,Normal,Flying
#650,#650,Chespin,Chespin,Grass,
#651,#651,Quilladin,Quilladin,Grass,
#652,#652,Chesnaught,Chesnaught,Grass,Fighting
#653,#653,Fennekin,Fennekin,Fire,
#654,#654,Braixen,Braixen,Fire,
#655,#655,Delphox,Delphox,Fire,Psychic
#656,#656,Froakie,Froakie,Water,
#657,#657,Frogadier,Frogadier,Water,
#658,#658,Greninja,Greninja,Water,Dark
#659,#659,Bunnelby,Bunnelby,Normal,
#660,#660,Diggersby,Diggersby,Normal,Ground
#661,#661,Fletchling,Fletchling,Normal,Flying
#662,#662,Fletchinder,Fletchinder,Fire,Flying
#663,#663,Talonflame,Talonflame,Fire,Flying
#664,#664,Scatterbug,Scatterbug,Bug,
#665,#665,Spewpa,Spewpa,Bug,
#666,#666,Vivillon,Vivillon,Bug,Flying
#667,#667,Litleo,Litleo,Fire,Normal
#668,#668,Pyroar,Pyroar,Fire,Normal
#669,#669,Flabébé,Flabébé,Fairy,
#670,#670,Floette,Floette,Fairy,
#671,#671,Florges,Florges,Fairy,
#672,#672,Skiddo,Skiddo,Grass,
#673,#673,Gogoat,Gogoat,Grass,
#674,#674,Pancham,Pancham,Fighting,
#675,#675,Pangoro,Pangoro,Fighting,Dark
#676,#676,Furfrou,Furfrou,Normal,
#677,#677,Espurr,Espurr,Psychic,
#678,#678,Meowstic,Meowstic,Psychic,
#679,#679,Honedge,Honedge,Steel,Ghost
#680,#680,Doublade,Doublade,Steel,Ghost
#681,#681,Aegislash,Aegislash,Steel,Ghost
#682,#682,Spritzee,Spritzee,Fairy,
#683,#683,Aromatisse,Aromatisse,Fairy,
#684,#684,Swirlix,Swirlix,Fairy,
#685,#685,Slurpuff,Slurpuff,Fairy,
#686,#686,Inkay,Inkay,Dark,Psychic
#687,#687,Malamar,Malamar,Dark,Psychic
#688,#688,Binacle,Binacle,Rock,Water
#689,#689,Barbaracle,Barbaracle,Rock,Water
#690,#690,Skrelp,Skrelp,Poison,Water
#691,#691,Dragalge,Dragalge,Poison,Dragon
#692,#692,Clauncher,Clauncher,Water,
#693,#693,Clawitzer,Clawitzer,Water,
#694,#694,Helioptile,Helioptile,Electric,Normal
#695,#695,Heliolisk,Heliolisk,Electric,Normal
#696,#696,Tyrunt,Tyrunt,Rock,Dragon
#697,#697,Tyrantrum,Tyrantrum,Rock,Dragon
#698,#698,Amaura,Amaura,Rock,Ice
#699,#699,Aurorus,Aurorus,Rock,Ice
#700,#700,Sylveon,Sylveon,Fairy,
#701,#701,Hawlucha,Hawlucha,Fighting,Flying
#702,#702,Dedenne,Dedenne,Electric,Fairy
#703,#703,Carbink,Carbink,Rock,Fairy
#704,#704,Goomy,Goomy,Dragon,
#705,#705,Sliggoo,Sliggoo,Dragon,
#706,#706,Goodra,Goodra,Dragon,
#707,#707,Klefki,Klefki,Steel,Fairy
#708,#708,Phantump,Phantump,Ghost,Grass
#709,#709,Trevenant,Trevenant,Ghost,Grass
#710,#710,Pumpkaboo,Pumpkaboo,Ghost,Grass
#711,#711,Gourgeist,Gourgeist,Ghost,Grass
#712,#712,Bergmite,Bergmite,Ice,
#713,#713,Avalugg,Avalugg,Ice,
#714,#714,Noibat,Noibat,Flying,Dragon
#715,#715,Noivern,Noivern,Flying,Dragon
#716,#716,Xerneas,Xerneas,Fairy,
#717,#717,Yveltal,Yveltal,Dark,Flying
#718,#718,Zygarde,Zygarde,Dragon,Ground
#719,#719,Diancie,Diancie,Rock,Fairy
#720,#720,Hoopa,Hoopa,Psychic,Ghost
#721,#721,Volcanion,Volcanion,Fire,Water
#722,#722,Rowlet,Rowlet,Grass,Flying
#723,#723,Dartrix,Dartrix,Grass,Flying
#724,#724,Decidueye,Decidueye,Grass,Ghost
#725,#725,Litten,Litten,Fire,
#726,#726,Torracat,Torracat,Fire,
#727,#727,Incineroar,Incineroar,Fire,Dark
#728,#728,Popplio,Popplio,Water,
#729,#729,Brionne,Brionne,Water,
#730,#730,Primarina,Primarina,Water,Fairy
#731,#731,Pikipek,Pikipek,Normal,Flying
#732,#732,Trumbeak,Trumbeak,Normal,Flying
#733,#733,Toucannon,Toucannon,Normal,Flying
#734,#734,Yungoos,Yungoos,Normal,
#735,#735,Gumshoos,Gumshoos,Normal,
#736,#736,Grubbin,Grubbin,Bug,
#737,#737,Charjabug,Charjabug,Bug,Electric
#738,#738,Vikavolt,Vikavolt,Bug,Electric
#739,#739,Crabrawler,Crabrawler,Fighting,
#740,#740,Crabominable,Crabominable,Fighting,Ice
#741,#741,Oricorio,Oricorio,Fire,Electric,Psychic,Ghost,Flying
#742,#742,Cutiefly,Cutiefly,Bug,Fairy
#743,#743,Ribombee,Ribombee,Bug,Fairy
#744,#744,Rockruff,Rockruff,Rock,
#745,#745,Lycanroc,Lycanroc,Rock,
#746,#746,Wishiwashi,Wishiwashi,Water,
#747,#747,Mareanie,Mareanie,Poison,Water
#748,#748,Toxapex,Toxapex,Poison,Water
#749,#749,Mudbray,Mudbray,Ground,
#750,#750,Mudsdale,Mudsdale,Ground,
#751,#751,Dewpider,Dewpider,Water,Bug
#752,#752,Araquanid,Araquanid,Water,Bug
#753,#753,Fomantis,Fomantis,Grass,
#754,#754,Lurantis,Lurantis,Grass,
#755,#755,Morelull,Morelull,Grass,Fairy
#756,#756,Shiinotic,Shiinotic,Grass,Fairy
#757,#757,Salandit,Salandit,Poison,Fire
#758,#758,Salazzle,Salazzle,Poison,Fire
#759,#759,Stufful,Stufful,Normal,Fighting
#760,#760,Bewear,Bewear,Normal,Fighting
#761,#761,Bounsweet,Bounsweet,Grass,
#762,#762,Steenee,Steenee,Grass,
#763,#763,Tsareena,Tsareena,Grass,
#764,#764,Comfey,Comfey,Fairy,
#765,#765,Oranguru,Oranguru,Normal,Psychic
#766,#766,Passimian,Passimian,Fighting,
#767,#767,Wimpod,Wimpod,Bug,Water
#768,#768,Golisopod,Golisopod,Bug,Water
#769,#769,Sandygast,Sandygast,Ghost,Ground
#770,#770,Palossand,Palossand,Ghost,Ground
#771,#771,Pyukumuku,Pyukumuku,Water,
#772,#772,Type: Null,Type: Null,Normal,
#773,#773,Silvally,Silvally,Normal,
#774,#774,Minior,Minior,Rock,Flying
#775,#775,Komala,Komala,Normal,
#776,#776,Turtonator,Turtonator,Fire,Dragon
#777,#777,Togedemaru,Togedemaru,Electric,Steel
#778,#778,Mimikyu,Mimikyu,Ghost,Fairy
#779,#779,Bruxish,Bruxish,Water,Psychic
#780,#780,Drampa,Drampa,Normal,Dragon
#781,#781,Dhelmise,Dhelmise,Ghost,Grass
#782,#782,Jangmo-o,Jangmo-o,Dragon,
#783,#783,Hakamo-o,Hakamo-o,Dragon,Fighting
#784,#784,Kommo-o,Kommo-o,Dragon,Fighting
#785,#785,Tapu Koko,Tapu Koko,Electric,Fairy
#786,#786,Tapu Lele,Tapu Lele,Psychic,Fairy
#787,#787,Tapu Bulu,Tapu Bulu,Grass,Fairy
#788,#788,Tapu Fini,Tapu Fini,Water,Fairy
#789,#789,Cosmog,Cosmog,Psychic,
#790,#790,Cosmoem,Cosmoem,Psychic,
#791,#791,Solgaleo,Solgaleo,Psychic,Steel
#792,#792,Lunala,Lunala,Psychic,Ghost
#793,#793,Nihilego,Nihilego,Rock,Poison
#794,#794,Buzzwole,Buzzwole,Bug,Fighting
#795,#795,Pheromosa,Pheromosa,Bug,Fighting
#796,#796,Xurkitree,Xurkitree,Electric,
#797,#797,Celesteela,Celesteela,Steel,Flying
#798,#798,Kartana,Kartana,Grass,Steel
#799,#799,Guzzlord,Guzzlord,Dark,Dragon
#800,#800,Necrozma,Necrozma,Psychic,
#801,#801,Magearna,Magearna,Steel,Fairy
#802,#802,Marshadow,Marshadow,Fighting,Ghost
#803,#803,Poipole,Poipole,Poison,
#804,#804,Naganadel,Naganadel,Poison,Dragon
#805,#805,Stakataka,Stakataka,Rock,Steel
#806,#806,Blacephalon,Blacephalon,Fire,Ghost
#807,#807,Zeraora,Zeraora,Electric,
#808,#808,Meltan,Meltan,Steel,
#809,#809,Melmetal,Melmetal,Steel,
#810,#810,Grookey,Grookey,Grass,
#811,#811,Thwackey,Thwackey,Grass,
#812,#812,Rillaboom,Rillaboom,Grass,
#813,#813,Scorbunny,Scorbunny,Fire,
#814,#814,Raboot,Raboot,Fire,
#815,#815,Cinderace,Cinderace,Fire,
#816,#816,Sobble,Sobble,Water,
#817,#817,Drizzile,Drizzile,Water,
#818,#818,Inteleon,Inteleon,Water,
#819,#819,Skwovet,Skwovet,Normal,
#820,#820,Greedent,Greedent,Normal,
#821,#821,Rookidee,Rookidee,Flying,
#822,#822,Corvisquire,Corvisquire,Flying,
#823,#823,Corviknight,Corviknight,Flying,Steel
#824,#824,Blipbug,Blipbug,Bug,
#825,#825,Dottler,Dottler,Bug,Psychic
#826,#826,Orbeetle,Orbeetle,Bug,Psychic
#827,#827,Nickit,Nickit,Dark,
#828,#828,Thievul,Thievul,Dark,
#829,#829,Gossifleur,Gossifleur,Grass,
#830,#830,Eldegoss,Eldegoss,Grass,
#831,#831,Wooloo,Wooloo,Normal,
#832,#832,Dubwool,Dubwool,Normal,
#833,#833,Chewtle,Chewtle,Water,
#834,#834,Drednaw,Drednaw,Water,Rock
#835,#835,Yamper,Yamper,Electric,
#836,#836,Boltund,Boltund,Electric,
#837,#837,Rolycoly,Rolycoly,Rock,
#838,#838,Carkol,Carkol,Rock,Fire
#839,#839,Coalossal,Coalossal,Rock,Fire
#840,#840,Applin,Applin,Grass,Dragon
#841,#841,Flapple,Flapple,Grass,Dragon
#842,#842,Appletun,Appletun,Grass,Dragon
#843,#843,Silicobra,Silicobra,Ground,
#844,#844,Sandaconda,Sandaconda,Ground,
#845,#845,Cramorant,Cramorant,Flying,Water
#846,#846,Arrokuda,Arrokuda,Water,
#847,#847,Barraskewda,Barraskewda,Water,
#848,#848,Toxel,Toxel,Electric,Poison
#849,#849,Toxtricity,Toxtricity,Electric,Poison
#850,#850,Sizzlipede,Sizzlipede,Fire,Bug
#851,#851,Centiskorch,Centiskorch,Fire,Bug
#852,#852,Clobbopus,Clobbopus,Fighting,
#853,#853,Grapploct,Grapploct,Fighting,
#854,#854,Sinistea,Sinistea,Ghost,
#855,#855,Polteageist,Polteageist,Ghost,
#856,#856,Hatenna,Hatenna,Psychic,
#857,#857,Hattrem,Hattrem,Psychic,
#858,#858,Hatterene,Hatterene,Psychic,Fairy
#859,#859,Impidimp,Impidimp,Dark,Fairy
#860,#860,Morgrem,Morgrem,Dark,Fairy
#861,#861,Grimmsnarl,Grimmsnarl,Dark,Fairy
#862,#862,Obstagoon,Obstagoon,Dark,Normal
#863,#863,Perrserker,Perrserker,Steel,
#864,#864,Cursola,Cursola,Ghost,
#865,#865,Sirfetch'd,Sirfetch'd,Fighting,
#866,#866,Mr. Rime,Mr. Rime,Ice,Psychic
#867,#867,Runerigus,Runerigus,Ground,Ghost
#868,#868,Milcery,Milcery,Fairy,
#869,#869,Alcremie,Alcremie,Fairy,
#870,#870,Falinks,Falinks,Fighting,
#871,#871,Pincurchin,Pincurchin,Electric,
#872,#872,Snom,Snom,Ice,Bug
#873,#873,Frosmoth,Frosmoth,Ice,Bug
#874,#874,Stonjourner,Stonjourner,Rock,
#875,#875,Eiscue,Eiscue,Ice,
#876,#876,Indeedee,Indeedee,Psychic,Normal
#877,#877,Morpeko,Morpeko,Electric,Dark
#878,#878,Cufant,Cufant,Steel,
#879,#879,Copperajah,Copperajah,Steel,
#880,#880,Dracozolt,Dracozolt,Electric,Dragon
#881,#881,Arctozolt,Arctozolt,Electric,Ice
#882,#882,Dracovish,Dracovish,Water,Dragon
#883,#883,Arctovish,Arctovish,Water,Ice
#884,#884,Duraludon,Duraludon,Steel,Dragon
#885,#885,Dreepy,Dreepy,Dragon,Ghost
#886,#886,Drakloak,Drakloak,Dragon,Ghost
#887,#887,Dragapult,Dragapult,Dragon,Ghost
#888,#888,Zacian,Zacian,Fairy,Steel
#889,#889,Zamazenta,Zamazenta,Fighting,Steel
#890,#890,Eternatus,Eternatus,Poison,Dragon
#891,#891,Kubfu,Kubfu,Fighting,
#892,#892,Urshifu,Urshifu,Fighting,Dark
#893,#893,Zarude,Zarude,Dark,Grass
#894,#894,Regieleki,Regieleki,Electric,
#895,#895,Regidrago,Regidrago,Dragon,
#896,#896,Glastrier,Glastrier,Ice,
#897,#897,Spectrier,Spectrier,Ghost,
#898,#898,Calyrex,Calyrex,Psychic,Grass